city,question
Edinburgh - Scotland,Add your memory for this city
Edinburgh - Scotland,Add your memory for this city
Edinburgh - Scotland,Add your memory for this city
Edinburgh - Scotland,Add your memory for this city
Edinburgh - Scotland,Add your memory for this city
Edinburgh - Scotland,Add your memory for this city
Edinburgh - Scotland,Add your memory for this city
Edinburgh - Scotland,Add your memory for this city
Edinburgh - Scotland,Add your memory for this city
Edinburgh - Scotland,Add your memory for this city
Edinburgh - Scotland,Add your memory for this city
Edinburgh - Scotland,Add your memory for this city
Edinburgh - Scotland,Add your memory for this city
Edinburgh - Scotland,Add your memory for this city
Edinburgh - Scotland,Add your memory for this city
Edinburgh - Scotland,Add your memory for this city
Edinburgh - Scotland,Add your memory for this city
Edinburgh - Scotland,Add your memory for this city
Edinburgh - Scotland,Add your memory for this city
Edinburgh - Scotland,Add your memory for this city
Edinburgh - Scotland,Add your memory for this city
Edinburgh - Scotland,Add your memory for this city
Edinburgh - Scotland,Add your memory for this city
Edinburgh - Scotland,Add your memory for this city
Edinburgh - Scotland,Add your memory for this city
Edinburgh - Scotland,Add your memory for this city
Edinburgh - Scotland,Add your memory for this city
Edinburgh - Scotland,Add your memory for this city
Edinburgh - Scotland,Add your memory for this city
Edinburgh - Scotland,Add your memory for this city
Edinburgh - Scotland,Add your memory for this city
Edinburgh - Scotland,Add your memory for this city
Edinburgh - Scotland,Add your memory for this city
Edinburgh - Scotland,Add your memory for this city
Edinburgh - Scotland,Add your memory for this city
Edinburgh - Scotland,Add your memory for this city
Edinburgh - Scotland,Add your memory for this city
Edinburgh - Scotland,Add your memory for this city
Edinburgh - Scotland,Add your memory for this city
Edinburgh - Scotland,Add your memory for this city
Edinburgh - Scotland,Add your memory for this city
Edinburgh - Scotland,Add your memory for this city
Edinburgh - Scotland,Add your memory for this city
Edinburgh - Scotland,Add your memory for this city
Edinburgh - Scotland,Add your memory for this city
Edinburgh - Scotland,Add your memory for this city
Edinburgh - Scotland,Add your memory for this city
Edinburgh - Scotland,Add your memory for this city
Edinburgh - Scotland,Add your memory for this city
Edinburgh - Scotland,Add your memory for this city
Edinburgh - Scotland,Add your memory for this city
Edinburgh - Scotland,Add your memory for this city
Edinburgh - Scotland,Add your memory for this city
Edinburgh - Scotland,Add your memory for this city
Edinburgh - Scotland,Add your memory for this city
Edinburgh - Scotland,Add your memory for this city
Edinburgh - Scotland,Add your memory for this city
Edinburgh - Scotland,Add your memory for this city
Edinburgh - Scotland,Add your memory for this city
Edinburgh - Scotland,Add your memory for this city
Edinburgh - Scotland,Add your memory for this city
Edinburgh - Scotland,Add your memory for this city
Edinburgh - Scotland,Add your memory for this city
Edinburgh - Scotland,Add your memory for this city
Edinburgh - Scotland,Add your memory for this city
Edinburgh - Scotland,Add your memory for this city
Edinburgh - Scotland,Add your memory for this city
Edinburgh - Scotland,Add your memory for this city
Edinburgh - Scotland,Add your memory for this city
Edinburgh - Scotland,Add your memory for this city
Edinburgh - Scotland,Add your memory for this city
Edinburgh - Scotland,Add your memory for this city
Edinburgh - Scotland,Add your memory for this city
Edinburgh - Scotland,Add your memory for this city
Edinburgh - Scotland,Add your memory for this city
Edinburgh - Scotland,Add your memory for this city
Edinburgh - Scotland,Add your memory for this city
Edinburgh - Scotland,Add your memory for this city
Edinburgh - Scotland,Add your memory for this city
Edinburgh - Scotland,Add your memory for this city
Edinburgh - Scotland,Add your memory for this city
Edinburgh - Scotland,Add your memory for this city
Edinburgh - Scotland,Add your memory for this city
Edinburgh - Scotland,Add your memory for this city
Edinburgh - Scotland,Add your memory for this city
Edinburgh - Scotland,Add your memory for this city
Edinburgh - Scotland,Add your memory for this city
Edinburgh - Scotland,Add your memory for this city
Edinburgh - Scotland,Add your memory for this city
Edinburgh - Scotland,Add your memory for this city
Edinburgh - Scotland,Add your memory for this city
Edinburgh - Scotland,Add your memory for this city
Edinburgh - Scotland,Add your memory for this city
Edinburgh - Scotland,Add your memory for this city
Edinburgh - Scotland,Add your memory for this city
Edinburgh - Scotland,Add your memory for this city
Edinburgh - Scotland,Add your memory for this city
Edinburgh - Scotland,Add your memory for this city
Edinburgh - Scotland,Add your memory for this city
Edinburgh - Scotland,Add your memory for this city
Edinburgh - Scotland,Add your memory for this city
Edinburgh - Scotland,Add your memory for this city
Edinburgh - Scotland,Add your memory for this city
Edinburgh - Scotland,Add your memory for this city
Edinburgh - Scotland,Add your memory for this city
Edinburgh - Scotland,Add your memory for this city
Edinburgh - Scotland,Add your memory for this city
Edinburgh - Scotland,Add your memory for this city
Edinburgh - Scotland,Add your memory for this city
Edinburgh - Scotland,Add your memory for this city
Edinburgh - Scotland,Add your memory for this city
Edinburgh - Scotland,Add your memory for this city
Edinburgh - Scotland,Add your memory for this city
Edinburgh - Scotland,Add your memory for this city
Edinburgh - Scotland,Add your memory for this city
Edinburgh - Scotland,Add your memory for this city
Edinburgh - Scotland,Add your memory for this city
Edinburgh - Scotland,Add your memory for this city
Edinburgh - Scotland,Add your memory for this city
Edinburgh - Scotland,Add your memory for this city
Edinburgh - Scotland,Add your memory for this city
Edinburgh - Scotland,Add your memory for this city
Edinburgh - Scotland,Add your memory for this city
Edinburgh - Scotland,Add your memory for this city
Edinburgh - Scotland,Add your memory for this city
Edinburgh - Scotland,Add your memory for this city
Edinburgh - Scotland,Add your memory for this city
Edinburgh - Scotland,Add your memory for this city
Edinburgh - Scotland,Add your memory for this city
Edinburgh - Scotland,Add your memory for this city
Edinburgh - Scotland,Add your memory for this city
Edinburgh - Scotland,Add your memory for this city
Edinburgh - Scotland,Add your memory for this city
Edinburgh - Scotland,Add your memory for this city
Edinburgh - Scotland,Add your memory for this city
Edinburgh - Scotland,Add your memory for this city
Edinburgh - Scotland,Add your memory for this city
Edinburgh - Scotland,Add your memory for this city
Edinburgh - Scotland,Add your memory for this city
Edinburgh - Scotland,Add your memory for this city
Edinburgh - Scotland,Add your memory for this city
Edinburgh - Scotland,Add your memory for this city
Edinburgh - Scotland,Add your memory for this city
Edinburgh - Scotland,Add your memory for this city
Edinburgh - Scotland,Add your memory for this city
Edinburgh - Scotland,Add your memory for this city
Edinburgh - Scotland,Add your memory for this city
Edinburgh - Scotland,Add your memory for this city
Edinburgh - Scotland,Add your memory for this city
Edinburgh - Scotland,Add your memory for this city
Edinburgh - Scotland,Add your memory for this city
Edinburgh - Scotland,Add your memory for this city
Edinburgh - Scotland,Add your memory for this city
Edinburgh - Scotland,Add your memory for this city
Edinburgh - Scotland,Add your memory for this city
Edinburgh - Scotland,Add your memory for this city
Edinburgh - Scotland,Add your memory for this city
Edinburgh - Scotland,Add your memory for this city
Edinburgh - Scotland,Add your memory for this city
Edinburgh - Scotland,Add your memory for this city
Edinburgh - Scotland,Add your memory for this city
Edinburgh - Scotland,Add your memory for this city
Edinburgh - Scotland,Add your memory for this city
Edinburgh - Scotland,Add your memory for this city
Edinburgh - Scotland,Add your memory for this city
Edinburgh - Scotland,Add your memory for this city
Edinburgh - Scotland,Add your memory for this city
Edinburgh - Scotland,Add your memory for this city
Edinburgh - Scotland,Add your memory for this city
Edinburgh - Scotland,Add your memory for this city
Edinburgh - Scotland,Add your memory for this city
Edinburgh - Scotland,Add your memory for this city
Edinburgh - Scotland,Add your memory for this city
Edinburgh - Scotland,Add your memory for this city
Edinburgh - Scotland,Add your memory for this city
Edinburgh - Scotland,Add your memory for this city
Edinburgh - Scotland,Add your memory for this city
Edinburgh - Scotland,Add your memory for this city
Edinburgh - Scotland,Add your memory for this city
Edinburgh - Scotland,Add your memory for this city
Edinburgh - Scotland,Add your memory for this city
Edinburgh - Scotland,Add your memory for this city
Edinburgh - Scotland,Add your memory for this city
Edinburgh - Scotland,Add your memory for this city
Edinburgh - Scotland,Add your memory for this city
Edinburgh - Scotland,Add your memory for this city
Edinburgh - Scotland,Add your memory for this city
Edinburgh - Scotland,Add your memory for this city
Edinburgh - Scotland,Add your memory for this city
Edinburgh - Scotland,Add your memory for this city
Edinburgh - Scotland,Add your memory for this city
Edinburgh - Scotland,Add your memory for this city
Edinburgh - Scotland,Add your memory for this city
Edinburgh - Scotland,Add your memory for this city
Edinburgh - Scotland,Add your memory for this city
Edinburgh - Scotland,Add your memory for this city
Edinburgh - Scotland,Add your memory for this city
Edinburgh - Scotland,Add your memory for this city
Edinburgh - Scotland,Add your memory for this city
Edinburgh - Scotland,Add your memory for this city
Edinburgh - Scotland,Add your memory for this city
Edinburgh - Scotland,Add your memory for this city
Edinburgh - Scotland,Add your memory for this city
Edinburgh - Scotland,Add your memory for this city
Edinburgh - Scotland,Add your memory for this city
Edinburgh - Scotland,Add your memory for this city
Edinburgh - Scotland,Add your memory for this city
Edinburgh - Scotland,Add your memory for this city
Edinburgh - Scotland,Add your memory for this city
Edinburgh - Scotland,Add your memory for this city
Edinburgh - Scotland,Add your memory for this city
Edinburgh - Scotland,Add your memory for this city
Edinburgh - Scotland,Add your memory for this city
Edinburgh - Scotland,Add your memory for this city
Edinburgh - Scotland,Add your memory for this city
Edinburgh - Scotland,Add your memory for this city
Edinburgh - Scotland,Add your memory for this city
Edinburgh - Scotland,Add your memory for this city
Edinburgh - Scotland,Add your memory for this city
Edinburgh - Scotland,Add your memory for this city
Edinburgh - Scotland,Add your memory for this city
Edinburgh - Scotland,Add your memory for this city
Edinburgh - Scotland,Add your memory for this city
Edinburgh - Scotland,Add your memory for this city
Edinburgh - Scotland,Add your memory for this city
Edinburgh - Scotland,Add your memory for this city
Edinburgh - Scotland,Add your memory for this city
Edinburgh - Scotland,Add your memory for this city
Edinburgh - Scotland,Add your memory for this city
Edinburgh - Scotland,Add your memory for this city
Edinburgh - Scotland,Add your memory for this city
Edinburgh - Scotland,Add your memory for this city
Edinburgh - Scotland,Add your memory for this city
Edinburgh - Scotland,Add your memory for this city
Edinburgh - Scotland,Add your memory for this city
Edinburgh - Scotland,Add your memory for this city
Edinburgh - Scotland,Add your memory for this city
Edinburgh - Scotland,Add your memory for this city
Edinburgh - Scotland,Add your memory for this city
Edinburgh - Scotland,Add your memory for this city
Edinburgh - Scotland,Add your memory for this city
Edinburgh - Scotland,Add your memory for this city
Edinburgh - Scotland,Add your memory for this city
Edinburgh - Scotland,Add your memory for this city
Edinburgh - Scotland,Add your memory for this city
Edinburgh - Scotland,Add your memory for this city
Edinburgh - Scotland,Add your memory for this city
Edinburgh - Scotland,Add your memory for this city
Edinburgh - Scotland,Add your memory for this city
